# SYNTHETIC REPAYMENT OUTCOMES — drawn by training/generate_risk_outcomes.py from a documented latent-risk model. Nobody defaulted; nobody exists.
user_id,defaulted,latent_default_probability,latent_shock,SYNTHETIC
syn-0000,0,0.020597,-0.677049,TRUE
syn-0001,0,0.002057,-0.414211,TRUE
syn-0002,0,0.105008,0.377188,TRUE
syn-0003,0,0.009124,-0.283297,TRUE
syn-0004,0,0.029932,-0.671556,TRUE
syn-0005,0,0.113194,2.153585,TRUE
syn-0006,0,0.3434,0.105393,TRUE
syn-0007,0,0.059054,0.026232,TRUE
syn-0008,0,0.009993,-0.229704,TRUE
syn-0009,0,0.007276,-0.55422,TRUE
syn-0010,0,0.116692,1.306691,TRUE
syn-0011,0,0.004785,-1.909674,TRUE
syn-0012,0,0.011001,-1.111288,TRUE
syn-0013,0,0.283447,0.852595,TRUE
syn-0014,0,0.084385,0.950688,TRUE
syn-0015,1,0.623066,0.93298,TRUE
syn-0016,0,0.003446,-1.227305,TRUE
syn-0017,0,0.045191,1.02902,TRUE
syn-0018,0,0.005289,-0.746865,TRUE
syn-0019,0,0.00205,-0.270624,TRUE
syn-0020,0,0.295438,0.661743,TRUE
syn-0021,0,0.097875,0.290266,TRUE
syn-0022,0,0.027706,1.082318,TRUE
syn-0023,0,0.015541,-1.242663,TRUE
syn-0024,0,0.083551,0.4344,TRUE
syn-0025,0,0.028991,0.101122,TRUE
syn-0026,0,0.195195,0.516992,TRUE
syn-0027,1,0.509542,1.770667,TRUE
syn-0028,0,0.086373,1.016884,TRUE
syn-0029,0,0.454524,1.619174,TRUE
syn-0030,1,0.077556,0.485941,TRUE
syn-0031,0,0.036458,-0.877195,TRUE
syn-0032,0,0.002376,-2.431497,TRUE
syn-0033,0,0.022091,-0.872388,TRUE
syn-0034,0,0.016765,-0.320328,TRUE
syn-0035,0,0.153287,0.299049,TRUE
syn-0036,0,0.021987,-0.503199,TRUE
syn-0037,0,0.036008,-0.657719,TRUE
syn-0038,0,0.507306,2.6314,TRUE
syn-0039,0,0.08554,-1.069911,TRUE
syn-0040,0,0.003222,-1.823684,TRUE
syn-0041,0,0.007566,-0.522906,TRUE
syn-0042,0,0.00595,0.203132,TRUE
syn-0043,0,0.010462,-0.25516,TRUE
syn-0044,0,0.144278,0.491942,TRUE
syn-0045,0,0.005184,-0.136957,TRUE
syn-0046,0,0.021477,-0.361654,TRUE
syn-0047,0,0.035779,1.154226,TRUE
syn-0048,0,0.461252,0.544554,TRUE
syn-0049,0,0.011133,-0.609144,TRUE
syn-0050,0,0.006612,-1.205149,TRUE
syn-0051,0,0.089309,-0.326801,TRUE
syn-0052,0,0.02241,-0.102194,TRUE
syn-0053,0,0.697144,0.812465,TRUE
syn-0054,0,0.329039,0.213337,TRUE
syn-0055,1,0.035704,1.205985,TRUE
syn-0056,0,0.022158,-0.425812,TRUE
syn-0057,0,0.246843,0.141465,TRUE
syn-0058,0,0.012362,0.489284,TRUE
syn-0059,0,0.009204,0.204792,TRUE
syn-0060,1,0.301342,1.293905,TRUE
syn-0061,0,0.003616,-0.707634,TRUE
syn-0062,0,0.037371,0.246737,TRUE
syn-0063,0,0.042227,-0.008154,TRUE
syn-0064,0,0.020214,0.802161,TRUE
syn-0065,0,0.041875,-0.698886,TRUE
syn-0066,0,0.07862,1.104699,TRUE
syn-0067,0,0.006205,-0.71044,TRUE
syn-0068,0,0.378118,0.714604,TRUE
syn-0069,0,0.096808,0.688232,TRUE
syn-0070,0,0.024104,-1.628213,TRUE
syn-0071,0,0.01433,0.120074,TRUE
syn-0072,0,0.003083,-1.733572,TRUE
syn-0073,1,0.045864,-0.165292,TRUE
syn-0074,0,0.090702,0.553335,TRUE
syn-0075,0,0.087206,0.799393,TRUE
syn-0076,0,0.082746,-0.393927,TRUE
syn-0077,0,0.309849,1.241165,TRUE
syn-0078,1,0.180482,1.274217,TRUE
syn-0079,0,0.031409,0.822267,TRUE
syn-0080,0,0.027362,-0.685317,TRUE
syn-0081,1,0.31688,1.582986,TRUE
syn-0082,0,0.142068,1.496179,TRUE
syn-0083,1,0.024302,-0.071387,TRUE
syn-0084,0,0.146055,0.168887,TRUE
syn-0085,0,0.010651,-1.280708,TRUE
syn-0086,0,0.008806,-0.388131,TRUE
syn-0087,0,0.002127,-1.204152,TRUE
syn-0088,0,0.01071,0.049896,TRUE
syn-0089,0,0.066396,-0.884647,TRUE
syn-0090,0,0.003721,-0.513079,TRUE
syn-0091,0,0.035835,1.06549,TRUE
syn-0092,0,0.040164,-0.56093,TRUE
syn-0093,0,0.035124,-0.964387,TRUE
syn-0094,0,0.058023,0.212622,TRUE
syn-0095,1,0.3916,0.214732,TRUE
syn-0096,0,0.027301,-0.629333,TRUE
syn-0097,0,0.0944,0.548526,TRUE
syn-0098,0,0.152039,-0.887244,TRUE
syn-0099,0,0.04478,-0.329864,TRUE
syn-0100,0,0.608985,1.460057,TRUE
syn-0101,0,0.009337,-1.151892,TRUE
syn-0102,0,0.004183,-1.282146,TRUE
syn-0103,0,0.030293,-0.640856,TRUE
syn-0104,0,0.034756,-0.846409,TRUE
syn-0105,0,0.064078,0.716857,TRUE
syn-0106,0,0.023375,-0.716975,TRUE
syn-0107,0,0.032402,-0.798767,TRUE
syn-0108,1,0.689933,1.145094,TRUE
syn-0109,0,0.055724,-0.108855,TRUE
syn-0110,0,0.015015,-0.263559,TRUE
syn-0111,1,0.673562,0.323296,TRUE
syn-0112,0,0.057491,0.638568,TRUE
syn-0113,0,0.042696,1.538348,TRUE
syn-0114,0,0.089496,0.02157,TRUE
syn-0115,0,0.040847,0.285325,TRUE
syn-0116,0,0.008768,-0.92971,TRUE
syn-0117,0,0.006871,-1.496778,TRUE
syn-0118,0,0.003929,-0.736279,TRUE
syn-0119,0,0.014743,-2.474824,TRUE
syn-0120,0,0.068156,0.020001,TRUE
syn-0121,0,0.089783,1.402751,TRUE
syn-0122,0,0.002657,-0.523616,TRUE
syn-0123,0,0.023683,-1.182003,TRUE
syn-0124,1,0.196798,0.68783,TRUE
syn-0125,0,0.058562,-1.023313,TRUE
syn-0126,0,0.010674,-0.279274,TRUE
syn-0127,0,0.120773,-0.783471,TRUE
syn-0128,0,0.008068,-0.67513,TRUE
syn-0129,0,0.11234,-0.36086,TRUE
syn-0130,0,0.015005,-2.353781,TRUE
syn-0131,0,0.04259,1.245269,TRUE
syn-0132,0,0.01083,0.352002,TRUE
syn-0133,0,0.02242,-1.364759,TRUE
syn-0134,0,0.008062,1.013521,TRUE
syn-0135,1,0.173396,0.936664,TRUE
syn-0136,0,0.024829,0.026708,TRUE
syn-0137,0,0.119251,0.173148,TRUE
syn-0138,0,0.000786,-3.029581,TRUE
syn-0139,0,0.086498,0.044147,TRUE
syn-0140,1,0.073219,0.164371,TRUE
syn-0141,0,0.022282,0.553969,TRUE
syn-0142,0,0.016353,-0.795241,TRUE
syn-0143,0,0.2105,0.948098,TRUE
syn-0144,1,0.075048,-0.531893,TRUE
syn-0145,0,0.003765,-1.847912,TRUE
syn-0146,0,0.043735,-0.194605,TRUE
syn-0147,0,0.043069,0.200163,TRUE
syn-0148,0,0.342829,1.692765,TRUE
syn-0149,0,0.005712,-0.614802,TRUE
syn-0150,0,0.018044,-0.184486,TRUE
syn-0151,0,0.176454,0.0751,TRUE
syn-0152,0,0.049177,1.394286,TRUE
syn-0153,0,0.030762,-0.576672,TRUE
syn-0154,0,0.188201,1.691133,TRUE
syn-0155,0,0.015915,1.416264,TRUE
syn-0156,0,0.010751,-0.786809,TRUE
syn-0157,0,0.043888,-0.911574,TRUE
syn-0158,0,0.004384,-0.282317,TRUE
syn-0159,0,0.104461,0.180751,TRUE
syn-0160,0,0.09222,1.187617,TRUE
syn-0161,0,0.124594,-0.347693,TRUE
syn-0162,0,0.242574,1.33043,TRUE
syn-0163,0,0.042492,-1.675333,TRUE
syn-0164,0,0.075876,1.15625,TRUE
syn-0165,0,0.037987,0.998958,TRUE
syn-0166,0,0.049589,0.555487,TRUE
syn-0167,0,0.442373,1.335688,TRUE
syn-0168,0,0.015381,0.397521,TRUE
syn-0169,0,0.014486,-1.013804,TRUE
syn-0170,0,0.002205,-0.979706,TRUE
syn-0171,0,0.000949,-0.980295,TRUE
syn-0172,1,0.22993,0.759899,TRUE
syn-0173,0,0.311602,0.280346,TRUE
syn-0174,0,0.145196,-0.779703,TRUE
syn-0175,0,0.180631,0.429934,TRUE
syn-0176,0,0.119039,0.185777,TRUE
syn-0177,0,0.01014,-1.589238,TRUE
syn-0178,1,0.082624,0.066694,TRUE
syn-0179,1,0.42035,-0.075563,TRUE
syn-0180,0,0.019464,0.131893,TRUE
syn-0181,0,0.011083,0.306931,TRUE
syn-0182,0,0.050779,-0.451769,TRUE
syn-0183,0,0.243934,1.026324,TRUE
syn-0184,0,0.02605,0.522333,TRUE
syn-0185,0,0.046641,-0.709298,TRUE
syn-0186,0,0.062237,0.782276,TRUE
syn-0187,0,0.00417,-1.358469,TRUE
syn-0188,0,0.097823,0.354379,TRUE
syn-0189,0,0.031029,-0.440816,TRUE
syn-0190,1,0.247381,2.288026,TRUE
syn-0191,0,0.058898,-0.312346,TRUE
syn-0192,0,0.002048,-0.924483,TRUE
syn-0193,0,0.008015,0.159841,TRUE
syn-0194,1,0.634715,2.387375,TRUE
syn-0195,0,0.086459,-0.524021,TRUE
syn-0196,0,0.133093,0.484097,TRUE
syn-0197,1,0.071624,0.224341,TRUE
syn-0198,1,0.073074,-0.29028,TRUE
syn-0199,0,0.103711,0.435689,TRUE
syn-0200,1,0.202882,0.15841,TRUE
syn-0201,0,0.051896,-0.676516,TRUE
syn-0202,0,0.340319,0.069852,TRUE
syn-0203,0,0.026255,-0.868181,TRUE
syn-0204,0,0.012594,-1.191663,TRUE
syn-0205,0,0.049215,-0.458635,TRUE
syn-0206,0,0.014682,0.443066,TRUE
syn-0207,0,0.011405,-1.110009,TRUE
syn-0208,1,0.098845,-1.043118,TRUE
syn-0209,0,0.108369,-1.146037,TRUE
syn-0210,1,0.293545,1.276201,TRUE
syn-0211,0,0.062952,-0.160823,TRUE
syn-0212,0,0.038422,-0.732042,TRUE
syn-0213,0,0.3056,0.8008,TRUE
syn-0214,0,0.003245,-1.575355,TRUE
syn-0215,0,0.228556,0.084556,TRUE
syn-0216,0,0.158491,0.384958,TRUE
syn-0217,0,0.146471,0.693275,TRUE
syn-0218,0,0.061427,0.416237,TRUE
syn-0219,0,0.25937,0.233291,TRUE
syn-0220,1,0.400914,1.693177,TRUE
syn-0221,0,0.016501,-0.49333,TRUE
syn-0222,0,0.02773,0.324268,TRUE
syn-0223,1,0.498197,0.500628,TRUE
syn-0224,0,0.10136,0.039864,TRUE
syn-0225,0,0.005819,-1.404441,TRUE
syn-0226,0,0.090037,1.239237,TRUE
syn-0227,0,0.03887,-0.734048,TRUE
syn-0228,0,0.033023,-0.342716,TRUE
syn-0229,0,0.105879,0.345205,TRUE
syn-0230,0,0.057139,-1.172977,TRUE
syn-0231,0,0.007467,-1.113916,TRUE
syn-0232,0,0.109568,0.573594,TRUE
syn-0233,0,0.018672,0.133992,TRUE
syn-0234,0,0.016174,-0.083347,TRUE
syn-0235,0,0.151832,0.254758,TRUE
syn-0236,0,0.028405,0.85137,TRUE
syn-0237,0,0.028865,0.016195,TRUE
syn-0238,0,0.043752,0.602816,TRUE
syn-0239,0,0.042521,-0.082653,TRUE
syn-0240,0,0.042609,-0.534778,TRUE
syn-0241,0,0.414995,1.784894,TRUE
syn-0242,0,0.01925,-0.5504,TRUE
syn-0243,0,0.012345,-1.649423,TRUE
syn-0244,0,0.118188,1.042148,TRUE
syn-0245,1,0.061706,-0.225524,TRUE
syn-0246,0,0.108192,1.471492,TRUE
syn-0247,0,0.056777,-0.25824,TRUE
syn-0248,0,0.127005,1.853237,TRUE
syn-0249,0,0.327967,0.506406,TRUE
syn-0250,0,0.022859,-1.238086,TRUE
syn-0251,0,0.08766,-0.218429,TRUE
syn-0252,0,0.048026,1.273069,TRUE
syn-0253,0,0.079317,0.341304,TRUE
syn-0254,0,0.003103,0.169902,TRUE
syn-0255,0,0.042729,1.686719,TRUE
syn-0256,1,0.128717,-1.190086,TRUE
syn-0257,1,0.343088,1.772359,TRUE
syn-0258,0,0.001599,-1.115407,TRUE
syn-0259,0,0.159638,0.487062,TRUE
syn-0260,0,0.05489,-1.209743,TRUE
syn-0261,0,0.050448,0.196644,TRUE
syn-0262,0,0.213683,0.564468,TRUE
syn-0263,0,0.541626,1.501069,TRUE
syn-0264,1,0.058952,0.939661,TRUE
syn-0265,0,0.315751,1.062447,TRUE
syn-0266,0,0.148774,1.613345,TRUE
syn-0267,0,0.005838,-1.677407,TRUE
syn-0268,0,0.025804,0.258992,TRUE
syn-0269,0,0.132719,-0.083533,TRUE
syn-0270,1,0.066461,-0.521057,TRUE
syn-0271,0,0.012308,-0.966573,TRUE
syn-0272,1,0.734912,0.347927,TRUE
syn-0273,0,0.269392,0.656709,TRUE
syn-0274,0,0.001073,-1.05295,TRUE
syn-0275,0,0.153711,0.497031,TRUE
syn-0276,0,0.327765,1.447188,TRUE
syn-0277,0,0.062332,-0.005341,TRUE
syn-0278,0,0.046509,0.517243,TRUE
syn-0279,1,0.058023,-0.438991,TRUE
syn-0280,0,0.003655,-0.935244,TRUE
syn-0281,1,0.121849,-0.48608,TRUE
syn-0282,0,0.002333,-0.484515,TRUE
syn-0283,1,0.393973,0.402493,TRUE
syn-0284,0,0.04243,1.552912,TRUE
syn-0285,0,0.002585,-0.975916,TRUE
syn-0286,0,0.083086,0.23299,TRUE
syn-0287,0,0.149964,-0.621639,TRUE
syn-0288,0,0.005477,-0.030181,TRUE
syn-0289,0,0.003733,-0.386801,TRUE
syn-0290,0,0.087957,0.644991,TRUE
syn-0291,0,0.02798,-1.565066,TRUE
syn-0292,0,0.046804,-0.901609,TRUE
syn-0293,0,0.109227,0.252128,TRUE
syn-0294,0,0.02803,0.313837,TRUE
syn-0295,0,0.090581,1.153534,TRUE
syn-0296,0,0.008633,-1.090686,TRUE
syn-0297,0,0.067219,0.551969,TRUE
syn-0298,0,0.029407,-0.565504,TRUE
syn-0299,0,0.323415,1.101453,TRUE
syn-0300,0,0.034517,-0.352043,TRUE
syn-0301,0,0.044582,-0.247926,TRUE
syn-0302,0,0.030405,-0.430415,TRUE
syn-0303,0,0.038126,0.242828,TRUE
syn-0304,0,0.140381,1.009859,TRUE
syn-0305,0,0.136204,0.823494,TRUE
syn-0306,0,0.092054,-0.715623,TRUE
syn-0307,0,0.003397,-0.460606,TRUE
syn-0308,1,0.851111,2.024806,TRUE
syn-0309,0,0.443062,0.900471,TRUE
syn-0310,0,0.032823,-0.59716,TRUE
syn-0311,0,0.127213,-0.452623,TRUE
syn-0312,0,0.241159,0.032635,TRUE
syn-0313,0,0.014052,-0.749921,TRUE
syn-0314,0,0.023674,-0.303856,TRUE
syn-0315,0,0.021631,-0.803046,TRUE
syn-0316,0,0.090579,-1.38968,TRUE
syn-0317,0,0.016043,-2.03824,TRUE
syn-0318,1,0.476844,0.22083,TRUE
syn-0319,0,0.013939,1.163104,TRUE
syn-0320,0,0.067754,0.35364,TRUE
syn-0321,0,0.170634,0.432263,TRUE
syn-0322,1,0.391948,0.22735,TRUE
syn-0323,1,0.137206,0.494406,TRUE
syn-0324,0,0.102334,-1.126302,TRUE
syn-0325,0,0.004999,-1.590256,TRUE
syn-0326,0,0.00357,-0.62851,TRUE
syn-0327,0,0.024848,-0.101613,TRUE
syn-0328,0,0.009522,-0.517527,TRUE
syn-0329,0,0.005563,-0.667561,TRUE
syn-0330,0,0.028276,-0.524397,TRUE
syn-0331,0,0.024958,0.420665,TRUE
syn-0332,0,0.053703,0.205431,TRUE
syn-0333,0,0.464491,0.549099,TRUE
syn-0334,1,0.797466,0.759564,TRUE
syn-0335,1,0.362334,2.13997,TRUE
syn-0336,0,0.080846,0.121415,TRUE
syn-0337,1,0.06768,1.082958,TRUE
syn-0338,0,0.354956,1.697235,TRUE
syn-0339,0,0.194262,0.544895,TRUE
syn-0340,0,0.214552,0.220356,TRUE
syn-0341,0,0.222431,0.797034,TRUE
syn-0342,0,0.013535,-0.715045,TRUE
syn-0343,0,0.010879,0.156964,TRUE
syn-0344,0,0.104621,1.147539,TRUE
syn-0345,0,0.020154,-0.350292,TRUE
syn-0346,0,0.048426,-0.426608,TRUE
syn-0347,0,0.103261,-1.500711,TRUE
syn-0348,0,0.10251,0.517385,TRUE
syn-0349,0,0.333913,0.864602,TRUE
syn-0350,0,0.018371,-1.195455,TRUE
syn-0351,0,0.155245,0.596964,TRUE
syn-0352,0,0.576803,0.916096,TRUE
syn-0353,0,0.02361,0.642106,TRUE
syn-0354,0,0.02648,1.334757,TRUE
syn-0355,1,0.699653,0.976135,TRUE
syn-0356,0,0.445533,1.579423,TRUE
syn-0357,0,0.019546,-0.62573,TRUE
syn-0358,0,0.154707,-0.640517,TRUE
syn-0359,0,0.098925,0.212494,TRUE
syn-0360,0,0.368515,0.056516,TRUE
syn-0361,0,0.004329,-0.929903,TRUE
syn-0362,0,0.416693,0.837976,TRUE
syn-0363,0,0.03075,-0.103244,TRUE
syn-0364,0,0.08057,0.268101,TRUE
syn-0365,0,0.168991,0.841219,TRUE
syn-0366,0,0.009266,-0.642419,TRUE
syn-0367,0,0.008094,-1.807416,TRUE
syn-0368,0,0.712614,0.884985,TRUE
syn-0369,0,0.015533,-0.856744,TRUE
syn-0370,0,0.004153,-0.835774,TRUE
syn-0371,0,0.001415,-1.599209,TRUE
syn-0372,0,0.30597,0.794878,TRUE
syn-0373,0,0.382207,1.528454,TRUE
syn-0374,0,0.131047,1.786601,TRUE
syn-0375,0,0.081085,-0.257529,TRUE
syn-0376,0,0.010805,-0.659277,TRUE
syn-0377,0,0.194667,0.904855,TRUE
syn-0378,1,0.389126,1.0788,TRUE
syn-0379,0,0.040276,-0.34203,TRUE
syn-0380,0,0.238351,1.011516,TRUE
syn-0381,0,0.103781,0.400401,TRUE
syn-0382,0,0.02467,-0.187411,TRUE
syn-0383,0,0.031866,-1.643753,TRUE
syn-0384,0,0.178234,0.967709,TRUE
syn-0385,0,0.056735,-1.2203,TRUE
syn-0386,0,0.025832,0.97665,TRUE
syn-0387,1,0.352465,0.301864,TRUE
syn-0388,0,0.068306,-0.115717,TRUE
syn-0389,0,0.037286,0.411371,TRUE
syn-0390,1,0.140331,1.931174,TRUE
syn-0391,0,0.21247,-0.134513,TRUE
syn-0392,0,0.076588,-0.703849,TRUE
syn-0393,0,0.008828,-0.452644,TRUE
syn-0394,1,0.791507,2.656332,TRUE
syn-0395,0,0.029795,-0.87957,TRUE
syn-0396,0,0.01098,-1.045022,TRUE
syn-0397,0,0.034042,-0.531341,TRUE
syn-0398,0,0.161632,0.650557,TRUE
syn-0399,0,0.027749,-0.404838,TRUE
syn-0400,0,0.824035,1.535617,TRUE
syn-0401,0,0.025055,1.397475,TRUE
syn-0402,0,0.068113,0.006213,TRUE
syn-0403,0,0.02049,-0.183775,TRUE
syn-0404,1,0.103472,0.27911,TRUE
syn-0405,0,0.033137,-0.08791,TRUE
syn-0406,0,0.036191,0.059106,TRUE
syn-0407,0,0.200378,0.514452,TRUE
syn-0408,0,0.066429,-0.968038,TRUE
syn-0409,0,0.028363,0.757159,TRUE
syn-0410,0,0.49635,1.160097,TRUE
syn-0411,0,0.021823,-0.855334,TRUE
syn-0412,0,0.013102,-1.315949,TRUE
syn-0413,0,0.007154,-1.406402,TRUE
syn-0414,0,0.049423,-1.307231,TRUE
syn-0415,0,0.002248,-1.855517,TRUE
syn-0416,0,0.029032,-0.420864,TRUE
syn-0417,0,0.176336,-0.663934,TRUE
syn-0418,0,0.004257,-0.429699,TRUE
syn-0419,0,0.010275,-0.034587,TRUE
syn-0420,0,0.00348,-1.245533,TRUE
syn-0421,0,0.037509,-1.245086,TRUE
syn-0422,0,0.749172,1.538458,TRUE
syn-0423,0,0.020981,-2.355569,TRUE
syn-0424,1,0.375713,-0.421464,TRUE
syn-0425,0,0.012286,-0.234638,TRUE
syn-0426,0,0.003669,-3.014162,TRUE
syn-0427,1,0.810473,1.883345,TRUE
syn-0428,0,0.009378,-0.784875,TRUE
syn-0429,0,0.226748,1.005311,TRUE
syn-0430,0,0.28313,0.710942,TRUE
syn-0431,0,0.004096,-2.476246,TRUE
syn-0432,0,0.011506,-1.084835,TRUE
syn-0433,0,0.005248,-1.700905,TRUE
syn-0434,0,0.01517,-1.899291,TRUE
syn-0435,0,0.013671,0.114211,TRUE
syn-0436,0,0.001555,-1.704844,TRUE
syn-0437,0,0.006425,-0.747471,TRUE
syn-0438,0,0.03002,0.684437,TRUE
syn-0439,1,0.679968,0.558228,TRUE
syn-0440,0,0.245812,1.187826,TRUE
syn-0441,0,0.152618,0.15796,TRUE
syn-0442,0,0.209177,-0.813946,TRUE
syn-0443,0,0.066189,-0.166879,TRUE
syn-0444,0,0.007384,-0.614374,TRUE
syn-0445,0,0.006886,-1.222545,TRUE
syn-0446,0,0.103518,0.998889,TRUE
syn-0447,0,0.024448,-0.306728,TRUE
syn-0448,0,0.004649,-0.020185,TRUE
syn-0449,0,0.022938,0.814136,TRUE
syn-0450,0,0.009606,1.142022,TRUE
syn-0451,0,0.00528,-0.811567,TRUE
syn-0452,0,0.168648,0.80979,TRUE
syn-0453,0,0.006966,-0.400097,TRUE
syn-0454,0,0.290006,0.821319,TRUE
syn-0455,0,0.150538,0.763164,TRUE
syn-0456,0,0.000859,-1.449869,TRUE
syn-0457,0,0.239736,1.844344,TRUE
syn-0458,0,0.062479,-0.047392,TRUE
syn-0459,0,0.340402,0.302817,TRUE
syn-0460,0,0.132008,-0.378033,TRUE
syn-0461,0,0.047533,0.365014,TRUE
syn-0462,1,0.489445,2.10771,TRUE
syn-0463,0,0.129806,1.849099,TRUE
syn-0464,0,0.033628,0.278212,TRUE
syn-0465,0,0.046598,1.042177,TRUE
syn-0466,0,0.002876,-2.534917,TRUE
syn-0467,0,0.047894,-0.050232,TRUE
syn-0468,0,0.161308,0.767563,TRUE
syn-0469,0,0.034817,-0.466387,TRUE
syn-0470,1,0.521301,0.879188,TRUE
syn-0471,0,0.007183,-2.103611,TRUE
syn-0472,1,0.015464,-0.589044,TRUE
syn-0473,0,0.016024,0.781482,TRUE
syn-0474,0,0.005841,0.423211,TRUE
syn-0475,1,0.377718,1.122695,TRUE
syn-0476,0,0.060609,-0.230752,TRUE
syn-0477,0,0.013905,0.184509,TRUE
syn-0478,0,0.014459,-1.536661,TRUE
syn-0479,0,0.372384,2.54821,TRUE
syn-0480,0,0.162664,0.601837,TRUE
syn-0481,0,0.026415,-0.338921,TRUE
syn-0482,0,0.027868,-0.549351,TRUE
syn-0483,1,0.023237,-0.817029,TRUE
syn-0484,0,0.183869,0.722219,TRUE
syn-0485,0,0.063065,-0.270895,TRUE
syn-0486,0,0.003468,-0.967698,TRUE
syn-0487,0,0.010872,-1.520014,TRUE
syn-0488,0,0.208326,1.898994,TRUE
syn-0489,0,0.506822,2.084477,TRUE
syn-0490,0,0.113889,1.003208,TRUE
syn-0491,0,0.002926,0.086352,TRUE
syn-0492,0,0.006484,0.3449,TRUE
syn-0493,0,0.084002,0.463549,TRUE
syn-0494,0,0.004015,-0.996504,TRUE
syn-0495,1,0.272622,0.775901,TRUE
syn-0496,0,0.346883,1.239165,TRUE
syn-0497,0,0.004441,-0.112072,TRUE
syn-0498,1,0.13089,1.361802,TRUE
syn-0499,0,0.185032,0.524223,TRUE
syn-0500,0,0.001028,-1.026894,TRUE
syn-0501,0,0.024772,-0.243304,TRUE
syn-0502,0,0.005072,-1.276976,TRUE
syn-0503,0,0.052718,-1.238366,TRUE
syn-0504,0,0.016158,0.095916,TRUE
syn-0505,1,0.243803,1.695271,TRUE
syn-0506,0,0.094541,-0.988698,TRUE
syn-0507,0,0.019575,-1.308467,TRUE
syn-0508,0,0.19294,0.460081,TRUE
syn-0509,0,0.035638,-1.888733,TRUE
syn-0510,0,0.192826,0.261762,TRUE
syn-0511,0,0.080284,1.343346,TRUE
syn-0512,0,0.072063,-1.167749,TRUE
syn-0513,0,0.011751,-0.844961,TRUE
syn-0514,0,0.008858,0.404134,TRUE
syn-0515,0,0.034903,-0.290873,TRUE
syn-0516,0,0.024081,0.216518,TRUE
syn-0517,0,0.04167,-1.102269,TRUE
syn-0518,0,0.063237,0.574829,TRUE
syn-0519,0,0.047576,-0.494358,TRUE
syn-0520,0,0.021583,0.42775,TRUE
syn-0521,0,0.020457,-1.367812,TRUE
syn-0522,0,0.007064,-0.260947,TRUE
syn-0523,0,0.003997,-0.805124,TRUE
syn-0524,0,0.188142,-0.577409,TRUE
syn-0525,0,0.031623,-0.316906,TRUE
syn-0526,0,0.036224,-0.887841,TRUE
syn-0527,0,0.025258,0.326281,TRUE
syn-0528,0,0.004795,-2.671874,TRUE
syn-0529,0,0.074847,0.379445,TRUE
syn-0530,0,0.006121,-0.805774,TRUE
syn-0531,0,0.012779,-1.390414,TRUE
syn-0532,0,0.180525,-0.44919,TRUE
syn-0533,0,0.096486,0.474482,TRUE
syn-0534,0,0.056059,-0.053284,TRUE
syn-0535,0,0.004294,-0.828582,TRUE
syn-0536,0,0.120264,0.530484,TRUE
syn-0537,0,0.013248,-0.843706,TRUE
syn-0538,0,0.051542,0.105463,TRUE
syn-0539,0,0.024101,-1.152474,TRUE
syn-0540,0,0.007192,-1.058449,TRUE
syn-0541,0,0.350901,0.382773,TRUE
syn-0542,0,0.010991,-1.134898,TRUE
syn-0543,0,0.043898,0.033807,TRUE
syn-0544,0,0.013203,-1.604781,TRUE
syn-0545,0,0.005872,-0.693934,TRUE
syn-0546,0,0.045278,-0.427884,TRUE
syn-0547,0,0.175014,-0.274026,TRUE
syn-0548,0,0.005222,-0.948247,TRUE
syn-0549,0,0.03472,0.631788,TRUE
syn-0550,0,0.20532,0.58141,TRUE
syn-0551,0,0.066171,0.127982,TRUE
syn-0552,0,0.083853,-0.06959,TRUE
syn-0553,1,0.409648,1.396533,TRUE
syn-0554,0,0.06604,-0.888634,TRUE
syn-0555,0,0.616883,1.231707,TRUE
syn-0556,0,0.003155,-1.619328,TRUE
syn-0557,0,0.006788,0.395704,TRUE
syn-0558,0,0.130733,0.442826,TRUE
syn-0559,0,0.184545,1.832123,TRUE
syn-0560,0,0.093886,-0.500251,TRUE
syn-0561,0,0.007947,0.921019,TRUE
syn-0562,0,0.212423,-0.280177,TRUE
syn-0563,0,0.061794,-0.861806,TRUE
syn-0564,0,0.163903,0.665386,TRUE
syn-0565,0,0.036027,-1.846923,TRUE
syn-0566,0,0.025045,0.948824,TRUE
syn-0567,0,0.015894,-0.041908,TRUE
syn-0568,0,0.069484,-0.266573,TRUE
syn-0569,1,0.726162,2.273734,TRUE
syn-0570,0,0.099037,0.554621,TRUE
syn-0571,0,0.116567,-0.881839,TRUE
syn-0572,0,0.037728,1.242991,TRUE
syn-0573,0,0.068366,0.686109,TRUE
syn-0574,0,0.004705,-1.69326,TRUE
syn-0575,1,0.214908,0.003676,TRUE
syn-0576,0,0.010806,0.161788,TRUE
syn-0577,1,0.706306,1.763857,TRUE
syn-0578,0,0.151561,-0.352043,TRUE
syn-0579,0,0.028449,1.497241,TRUE
syn-0580,0,0.010476,-1.047646,TRUE
syn-0581,0,0.147018,1.725477,TRUE
syn-0582,0,0.013668,-0.505365,TRUE
syn-0583,0,0.012163,0.045249,TRUE
syn-0584,0,0.19011,0.226525,TRUE
syn-0585,0,0.010449,-0.877804,TRUE
syn-0586,0,0.241501,0.234835,TRUE
syn-0587,0,0.015042,-1.174427,TRUE
syn-0588,0,0.002585,-1.083924,TRUE
syn-0589,0,0.042781,0.975834,TRUE
syn-0590,1,0.041766,-1.058215,TRUE
syn-0591,0,0.053411,0.8665,TRUE
syn-0592,0,0.022931,-0.266137,TRUE
syn-0593,0,0.028845,-0.163891,TRUE
syn-0594,0,0.15567,-0.08995,TRUE
syn-0595,0,0.274484,0.548065,TRUE
syn-0596,0,0.036484,-0.191252,TRUE
syn-0597,0,0.033151,0.763323,TRUE
syn-0598,0,0.066391,-0.288686,TRUE
syn-0599,0,0.002782,-0.824003,TRUE
syn-0600,0,0.001737,-1.889562,TRUE
syn-0601,0,0.383543,0.763864,TRUE
syn-0602,0,0.31562,-0.133595,TRUE
syn-0603,0,0.081392,-0.026994,TRUE
syn-0604,0,0.012937,-0.825515,TRUE
syn-0605,0,0.019053,0.22786,TRUE
syn-0606,0,0.010736,-0.344614,TRUE
syn-0607,0,0.096819,-0.742095,TRUE
syn-0608,0,0.013792,0.060159,TRUE
syn-0609,0,0.207349,0.445448,TRUE
syn-0610,0,0.015996,-0.564751,TRUE
syn-0611,0,0.006895,-1.580981,TRUE
syn-0612,0,0.12327,0.887819,TRUE
syn-0613,0,0.000978,-3.193711,TRUE
syn-0614,0,0.017231,-1.182233,TRUE
syn-0615,0,0.047056,-0.269397,TRUE
syn-0616,1,0.515468,0.886991,TRUE
syn-0617,0,0.091199,-0.476901,TRUE
syn-0618,0,0.021072,-0.561609,TRUE
syn-0619,0,0.309372,0.152406,TRUE
syn-0620,0,0.007503,0.403939,TRUE
syn-0621,0,0.046561,0.352372,TRUE
syn-0622,0,0.012117,-1.47427,TRUE
syn-0623,1,0.317821,1.18457,TRUE
syn-0624,0,0.05937,0.747718,TRUE
syn-0625,0,0.224999,0.71146,TRUE
syn-0626,0,0.145869,0.710089,TRUE
syn-0627,0,0.117812,0.300125,TRUE
syn-0628,0,0.008339,-2.124426,TRUE
syn-0629,0,0.073053,-0.717726,TRUE
syn-0630,0,0.167155,1.540353,TRUE
syn-0631,1,0.706017,0.679174,TRUE
syn-0632,0,0.003686,-1.190402,TRUE
syn-0633,0,0.238379,1.303666,TRUE
syn-0634,0,0.08957,0.352364,TRUE
syn-0635,0,0.018488,-0.339529,TRUE
syn-0636,0,0.02021,-0.505605,TRUE
syn-0637,0,0.029508,-0.299854,TRUE
syn-0638,0,0.022815,-0.225759,TRUE
syn-0639,0,0.229094,0.420229,TRUE
syn-0640,0,0.040649,0.30115,TRUE
syn-0641,0,0.425675,-0.168191,TRUE
syn-0642,0,0.013533,-0.062763,TRUE
syn-0643,0,0.075221,-0.775852,TRUE
syn-0644,0,0.373466,1.632005,TRUE
syn-0645,0,0.11386,0.681181,TRUE
syn-0646,0,0.072649,0.600035,TRUE
syn-0647,0,0.015854,-0.323201,TRUE
syn-0648,0,0.289163,-0.052439,TRUE
syn-0649,0,0.024542,-0.980903,TRUE
syn-0650,0,0.158415,0.16062,TRUE
syn-0651,0,0.171219,1.601885,TRUE
syn-0652,0,0.013071,0.003554,TRUE
syn-0653,0,0.152615,0.866035,TRUE
syn-0654,0,0.080607,0.472558,TRUE
syn-0655,0,0.220642,-0.168152,TRUE
syn-0656,0,0.008073,-0.557384,TRUE
syn-0657,0,0.505654,1.511544,TRUE
syn-0658,0,0.063598,0.271072,TRUE
syn-0659,0,0.036573,0.633061,TRUE
syn-0660,0,0.019372,0.561111,TRUE
syn-0661,0,0.201859,1.173292,TRUE
syn-0662,1,0.21037,0.644069,TRUE
syn-0663,0,0.200664,0.987407,TRUE
syn-0664,0,0.018489,-0.00044,TRUE
syn-0665,0,0.118487,0.172968,TRUE
syn-0666,0,0.003912,-1.526878,TRUE
syn-0667,1,0.356084,0.706642,TRUE
syn-0668,0,0.066767,0.74654,TRUE
syn-0669,0,0.277127,0.83996,TRUE
syn-0670,0,0.017208,-0.478849,TRUE
syn-0671,1,0.386032,1.210295,TRUE
syn-0672,0,0.073384,0.047703,TRUE
syn-0673,0,0.031832,-0.735661,TRUE
syn-0674,0,0.008139,-1.968131,TRUE
syn-0675,0,0.327819,1.695328,TRUE
syn-0676,1,0.062001,0.17747,TRUE
syn-0677,0,0.345736,0.296571,TRUE
syn-0678,0,0.260157,-0.09246,TRUE
syn-0679,1,0.530006,2.492419,TRUE
syn-0680,0,0.018017,-1.930059,TRUE
syn-0681,0,0.227555,-0.57541,TRUE
syn-0682,0,0.005721,-0.907723,TRUE
syn-0683,1,0.308759,1.532439,TRUE
syn-0684,0,0.01481,-0.243458,TRUE
syn-0685,0,0.160628,-0.094533,TRUE
syn-0686,0,0.03139,-0.712336,TRUE
syn-0687,0,0.008663,-0.091993,TRUE
syn-0688,0,0.060228,-0.903908,TRUE
syn-0689,0,0.013217,-1.153774,TRUE
syn-0690,0,0.091957,-0.208123,TRUE
syn-0691,0,0.063837,-0.275717,TRUE
syn-0692,0,0.01024,0.178686,TRUE
syn-0693,0,0.05845,0.421463,TRUE
syn-0694,0,0.062133,-0.37965,TRUE
syn-0695,1,0.622709,0.725723,TRUE
syn-0696,0,0.014203,-0.660999,TRUE
syn-0697,0,0.109612,-0.613583,TRUE
syn-0698,0,0.009453,-0.689805,TRUE
syn-0699,0,0.054153,-1.160049,TRUE
syn-0700,0,0.001985,-0.545018,TRUE
syn-0701,0,0.013164,-0.022447,TRUE
syn-0702,0,0.084879,0.272488,TRUE
syn-0703,0,0.050936,-0.408964,TRUE
syn-0704,0,0.151415,-0.56923,TRUE
syn-0705,0,0.001308,-1.264953,TRUE
syn-0706,0,0.001888,-0.773336,TRUE
syn-0707,0,0.077891,0.862806,TRUE
syn-0708,0,0.227269,2.168863,TRUE
syn-0709,0,0.036685,0.994729,TRUE
syn-0710,0,0.010267,-0.114925,TRUE
syn-0711,0,0.123592,2.777483,TRUE
syn-0712,0,0.178849,1.573064,TRUE
syn-0713,0,0.039779,0.73672,TRUE
syn-0714,0,0.131461,-0.332675,TRUE
syn-0715,1,0.107256,1.289801,TRUE
syn-0716,0,0.066511,-0.502056,TRUE
syn-0717,1,0.739433,1.941207,TRUE
syn-0718,0,0.001591,-2.701538,TRUE
syn-0719,0,0.094087,0.264426,TRUE
syn-0720,0,0.342128,0.657485,TRUE
syn-0721,0,0.272847,1.108972,TRUE
syn-0722,1,0.215301,-0.102097,TRUE
syn-0723,0,0.010302,-0.851407,TRUE
syn-0724,0,0.111395,0.389658,TRUE
syn-0725,0,0.472118,1.887162,TRUE
syn-0726,0,0.005098,-0.724852,TRUE
syn-0727,0,0.004262,-0.962513,TRUE
syn-0728,1,0.628993,1.355996,TRUE
syn-0729,0,0.034644,0.334019,TRUE
syn-0730,0,0.049833,0.826881,TRUE
syn-0731,0,0.682068,1.29991,TRUE
syn-0732,0,0.004637,-0.926765,TRUE
syn-0733,0,0.080865,0.244588,TRUE
syn-0734,0,0.204371,-0.646196,TRUE
syn-0735,0,0.038888,-0.260964,TRUE
syn-0736,0,0.011135,-0.511129,TRUE
syn-0737,0,0.036343,0.012696,TRUE
syn-0738,0,0.011206,-0.3589,TRUE
syn-0739,0,0.019286,-0.381568,TRUE
syn-0740,0,0.35984,1.061852,TRUE
syn-0741,0,0.031648,0.350486,TRUE
syn-0742,0,0.350704,0.591925,TRUE
syn-0743,0,0.209534,-0.053414,TRUE
syn-0744,0,0.013329,-0.960602,TRUE
syn-0745,0,0.02213,-0.56424,TRUE
syn-0746,1,0.115276,-0.744192,TRUE
syn-0747,1,0.838526,2.066228,TRUE
syn-0748,0,0.021144,-0.797226,TRUE
syn-0749,1,0.559025,1.122828,TRUE
syn-0750,0,0.309382,1.477547,TRUE
syn-0751,0,0.308746,1.224392,TRUE
syn-0752,0,0.399068,1.93142,TRUE
syn-0753,0,0.009985,-1.743245,TRUE
syn-0754,0,0.136615,0.360507,TRUE
syn-0755,1,0.161588,1.975254,TRUE
syn-0756,0,0.029183,-0.380274,TRUE
syn-0757,0,0.113636,-1.428494,TRUE
syn-0758,0,0.012251,-0.045032,TRUE
syn-0759,0,0.034279,0.514285,TRUE
syn-0760,0,0.080218,1.108658,TRUE
syn-0761,0,0.010735,-0.086547,TRUE
syn-0762,0,0.141665,1.279399,TRUE
syn-0763,0,0.404797,2.266783,TRUE
syn-0764,0,0.016485,0.141335,TRUE
syn-0765,0,0.069918,0.307574,TRUE
syn-0766,0,0.139974,1.049208,TRUE
syn-0767,0,0.043404,-1.154328,TRUE
syn-0768,0,0.066101,-0.226297,TRUE
syn-0769,0,0.199476,-0.116968,TRUE
syn-0770,0,0.237883,2.378293,TRUE
syn-0771,1,0.677802,1.608563,TRUE
syn-0772,0,0.013282,-0.90518,TRUE
syn-0773,0,0.094907,0.630007,TRUE
syn-0774,0,0.256164,0.20053,TRUE
syn-0775,0,0.484048,2.031043,TRUE
syn-0776,0,0.180641,-0.094925,TRUE
syn-0777,0,0.002441,-0.980177,TRUE
syn-0778,0,0.001698,-1.859384,TRUE
syn-0779,0,0.040175,-0.157498,TRUE
syn-0780,0,0.02427,-1.597074,TRUE
syn-0781,0,0.221503,2.22276,TRUE
syn-0782,0,0.005665,-0.652482,TRUE
syn-0783,0,0.046816,-0.275413,TRUE
syn-0784,0,0.072311,0.00841,TRUE
syn-0785,0,0.052379,1.012686,TRUE
syn-0786,0,0.082182,-0.626489,TRUE
syn-0787,0,0.078358,0.483202,TRUE
syn-0788,0,0.284404,0.617986,TRUE
syn-0789,0,0.297596,-0.320121,TRUE
syn-0790,0,0.099738,0.32002,TRUE
syn-0791,0,0.027728,0.408863,TRUE
syn-0792,0,0.011227,-1.041793,TRUE
syn-0793,0,0.077937,-0.287291,TRUE
syn-0794,0,0.033515,-0.602657,TRUE
syn-0795,0,0.025305,-0.664007,TRUE
syn-0796,0,0.058603,0.123217,TRUE
syn-0797,1,0.434742,0.575746,TRUE
syn-0798,0,0.029427,-0.269139,TRUE
syn-0799,0,0.000923,-0.38999,TRUE
syn-0800,1,0.399128,0.697391,TRUE
syn-0801,0,0.018414,-1.911369,TRUE
syn-0802,0,0.023155,-0.48843,TRUE
syn-0803,0,0.001953,-0.626344,TRUE
syn-0804,0,0.088003,0.80754,TRUE
syn-0805,0,0.070631,0.822284,TRUE
syn-0806,0,0.107477,0.152831,TRUE
syn-0807,0,0.060735,-0.111803,TRUE
syn-0808,0,0.085289,-0.13104,TRUE
syn-0809,0,0.06439,0.013896,TRUE
syn-0810,0,0.011038,-1.425887,TRUE
syn-0811,0,0.047001,0.987332,TRUE
syn-0812,0,0.025504,-0.353033,TRUE
syn-0813,0,0.049086,-0.225219,TRUE
syn-0814,0,0.081345,0.285565,TRUE
syn-0815,0,0.012191,-2.253935,TRUE
syn-0816,0,0.032043,-0.347358,TRUE
syn-0817,0,0.02158,-0.250911,TRUE
syn-0818,1,0.359947,0.475078,TRUE
syn-0819,0,0.345732,-0.802709,TRUE
syn-0820,0,0.000717,-2.074787,TRUE
syn-0821,0,0.040189,0.280855,TRUE
syn-0822,0,0.266647,0.599553,TRUE
syn-0823,1,0.648499,1.154303,TRUE
syn-0824,0,0.086768,1.392054,TRUE
syn-0825,0,0.371167,0.94099,TRUE
syn-0826,0,0.035908,-0.126065,TRUE
syn-0827,0,0.330837,0.928988,TRUE
syn-0828,0,0.233398,-0.290138,TRUE
syn-0829,0,0.020691,-1.557756,TRUE
syn-0830,0,0.080159,-0.406462,TRUE
syn-0831,0,0.142176,0.834492,TRUE
syn-0832,1,0.023816,-0.166759,TRUE
syn-0833,0,0.180411,-0.058002,TRUE
syn-0834,0,0.02724,-0.56846,TRUE
syn-0835,0,0.019518,-0.822691,TRUE
syn-0836,0,0.175432,0.857427,TRUE
syn-0837,0,0.089976,1.02038,TRUE
syn-0838,0,0.084816,0.597046,TRUE
syn-0839,0,0.182244,1.487438,TRUE
syn-0840,0,0.08705,-0.239347,TRUE
syn-0841,0,0.053065,0.127647,TRUE
syn-0842,1,0.45132,0.54771,TRUE
syn-0843,0,0.063873,-0.636939,TRUE
syn-0844,0,0.500219,1.870392,TRUE
syn-0845,1,0.100876,0.225951,TRUE
syn-0846,0,0.001479,-0.967061,TRUE
syn-0847,0,0.015645,-0.656511,TRUE
syn-0848,0,0.081244,-0.031905,TRUE
syn-0849,1,0.910461,1.997524,TRUE
syn-0850,0,0.015106,-0.455595,TRUE
syn-0851,0,0.290531,1.319576,TRUE
syn-0852,0,0.003372,-0.240834,TRUE
syn-0853,0,0.029337,0.351171,TRUE
syn-0854,0,0.09973,0.528477,TRUE
syn-0855,0,0.017819,-0.65703,TRUE
syn-0856,1,0.083431,-0.667621,TRUE
syn-0857,0,0.012202,-0.654598,TRUE
syn-0858,0,0.016326,0.860825,TRUE
syn-0859,0,0.030176,-0.660765,TRUE
syn-0860,0,0.010314,0.323789,TRUE
syn-0861,0,0.023288,-0.53881,TRUE
syn-0862,0,0.049362,-0.585151,TRUE
syn-0863,0,0.033571,-0.880418,TRUE
syn-0864,0,0.028098,0.347187,TRUE
syn-0865,0,0.145539,0.212502,TRUE
syn-0866,0,0.148071,-0.040297,TRUE
syn-0867,0,0.383224,1.616746,TRUE
syn-0868,0,0.013151,0.511569,TRUE
syn-0869,0,0.524557,0.70132,TRUE
syn-0870,1,0.565691,1.240013,TRUE
syn-0871,0,0.034118,0.067898,TRUE
syn-0872,1,0.691829,1.015159,TRUE
syn-0873,1,0.087512,0.084216,TRUE
syn-0874,0,0.683042,0.647835,TRUE
syn-0875,0,0.024232,-0.799744,TRUE
syn-0876,0,0.002242,-1.336765,TRUE
syn-0877,0,0.050215,-0.205153,TRUE
syn-0878,0,0.397305,-0.578338,TRUE
syn-0879,0,0.013891,-1.243464,TRUE
syn-0880,0,0.036216,-0.519757,TRUE
syn-0881,0,0.011205,-0.154595,TRUE
syn-0882,0,0.006268,-1.313429,TRUE
syn-0883,0,0.051206,-0.078375,TRUE
syn-0884,0,0.096873,-1.058706,TRUE
syn-0885,1,0.828491,2.868558,TRUE
syn-0886,1,0.097684,-0.301523,TRUE
syn-0887,0,0.004732,-0.584659,TRUE
syn-0888,0,0.008601,-1.05555,TRUE
syn-0889,0,0.01203,-0.328398,TRUE
syn-0890,0,0.246882,0.911199,TRUE
syn-0891,0,0.277401,1.03805,TRUE
syn-0892,0,0.006627,0.246635,TRUE
syn-0893,0,0.485864,1.163975,TRUE
syn-0894,0,0.019737,-0.740037,TRUE
syn-0895,0,0.151505,0.298033,TRUE
syn-0896,0,0.276072,-0.225125,TRUE
syn-0897,0,0.005701,-0.609047,TRUE
syn-0898,1,0.96074,2.332722,TRUE
syn-0899,0,0.163186,0.112483,TRUE
syn-0900,0,0.076821,0.37009,TRUE
syn-0901,0,0.018444,-0.535796,TRUE
syn-0902,0,0.014577,-0.595806,TRUE
syn-0903,0,0.005391,-1.04633,TRUE
syn-0904,1,0.75628,0.971519,TRUE
syn-0905,0,0.014112,-0.682363,TRUE
syn-0906,0,0.057636,0.041533,TRUE
syn-0907,0,0.070753,-0.271774,TRUE
syn-0908,0,0.070963,-0.563562,TRUE
syn-0909,0,0.005753,-1.790951,TRUE
syn-0910,1,0.547129,0.113388,TRUE
syn-0911,0,0.012901,-1.25112,TRUE
syn-0912,0,0.387422,2.014936,TRUE
syn-0913,0,0.002818,-1.00487,TRUE
syn-0914,0,0.035853,-0.331842,TRUE
syn-0915,0,0.051636,0.33282,TRUE
syn-0916,0,0.008745,-1.837224,TRUE
syn-0917,0,0.055335,1.273301,TRUE
syn-0918,0,0.013157,-1.846324,TRUE
syn-0919,0,0.016401,-0.21813,TRUE
syn-0920,0,0.060358,0.117489,TRUE
syn-0921,1,0.15049,0.098679,TRUE
syn-0922,0,0.134426,0.564843,TRUE
syn-0923,0,0.46731,1.007782,TRUE
syn-0924,0,0.065278,-0.424052,TRUE
syn-0925,0,0.009509,-0.324249,TRUE
syn-0926,0,0.057003,0.277933,TRUE
syn-0927,0,0.001813,-1.324991,TRUE
syn-0928,0,0.175996,-0.073966,TRUE
syn-0929,0,0.006302,-0.979622,TRUE
syn-0930,0,0.101597,0.388223,TRUE
syn-0931,0,0.022586,-1.354895,TRUE
syn-0932,0,0.001397,-1.376446,TRUE
syn-0933,1,0.422251,0.12785,TRUE
syn-0934,0,0.266313,0.177108,TRUE
syn-0935,0,0.034236,-0.233192,TRUE
syn-0936,0,0.038795,-0.540505,TRUE
syn-0937,0,0.032778,0.580461,TRUE
syn-0938,0,0.111442,-0.353354,TRUE
syn-0939,0,0.010068,0.223716,TRUE
syn-0940,0,0.073026,-1.164371,TRUE
syn-0941,0,0.0167,0.383606,TRUE
syn-0942,0,0.068558,0.084241,TRUE
syn-0943,0,0.003041,-1.039306,TRUE
syn-0944,0,0.086648,-0.475409,TRUE
syn-0945,0,0.00275,-0.451693,TRUE
syn-0946,0,0.013495,-0.634372,TRUE
syn-0947,0,0.01926,-0.447169,TRUE
syn-0948,0,0.045506,0.124184,TRUE
syn-0949,0,0.010852,-1.331608,TRUE
syn-0950,0,0.011817,-1.35471,TRUE
syn-0951,0,0.200076,1.069391,TRUE
syn-0952,0,0.001847,-0.387549,TRUE
syn-0953,0,0.113666,0.227456,TRUE
syn-0954,0,0.209189,1.618872,TRUE
syn-0955,0,0.007804,-0.086728,TRUE
syn-0956,0,0.268205,1.211064,TRUE
syn-0957,0,0.009846,-0.226873,TRUE
syn-0958,0,0.032216,0.699063,TRUE
syn-0959,1,0.747698,1.3067,TRUE
syn-0960,0,0.002871,-2.418748,TRUE
syn-0961,0,0.077857,-0.777422,TRUE
syn-0962,0,0.008046,-0.380595,TRUE
syn-0963,0,0.079763,0.536729,TRUE
syn-0964,0,0.012154,-0.902489,TRUE
syn-0965,0,0.001822,-2.758138,TRUE
syn-0966,0,0.133504,-0.555391,TRUE
syn-0967,0,0.02216,-0.042293,TRUE
syn-0968,0,0.006807,0.209474,TRUE
syn-0969,0,0.143182,1.583254,TRUE
syn-0970,0,0.031549,-0.047454,TRUE
syn-0971,1,0.753433,1.53607,TRUE
syn-0972,0,0.024188,-0.32596,TRUE
syn-0973,0,0.173566,0.977603,TRUE
syn-0974,0,0.015226,-2.035658,TRUE
syn-0975,0,0.249984,1.446915,TRUE
syn-0976,0,0.072353,-0.746988,TRUE
syn-0977,0,0.020182,-0.697719,TRUE
syn-0978,0,0.007966,-1.590272,TRUE
syn-0979,0,0.110331,-0.429647,TRUE
syn-0980,0,0.618998,2.161776,TRUE
syn-0981,0,0.013396,0.457635,TRUE
syn-0982,0,0.00258,-0.575294,TRUE
syn-0983,0,0.005101,-0.265179,TRUE
syn-0984,0,0.289467,0.992056,TRUE
syn-0985,0,0.058075,0.658266,TRUE
syn-0986,1,0.010606,-1.030058,TRUE
syn-0987,0,0.327127,0.758616,TRUE
syn-0988,1,0.465157,0.463752,TRUE
syn-0989,0,0.245224,-1.329922,TRUE
syn-0990,0,0.083597,-0.753773,TRUE
syn-0991,0,0.693842,0.677273,TRUE
syn-0992,0,0.020706,-0.414033,TRUE
syn-0993,0,0.010157,-0.850635,TRUE
syn-0994,0,0.03291,0.276796,TRUE
syn-0995,0,0.007447,-0.878347,TRUE
syn-0996,1,0.144507,-0.122828,TRUE
syn-0997,0,0.097442,0.701829,TRUE
syn-0998,0,0.123304,0.397968,TRUE
syn-0999,0,0.101329,1.339424,TRUE
syn-1000,0,0.086152,0.002951,TRUE
syn-1001,0,0.560471,1.700672,TRUE
syn-1002,0,0.067937,0.031961,TRUE
syn-1003,0,0.006968,-0.840754,TRUE
syn-1004,0,0.111944,1.389121,TRUE
syn-1005,0,0.073724,0.02101,TRUE
syn-1006,0,0.088181,0.122261,TRUE
syn-1007,0,0.309506,1.086758,TRUE
syn-1008,0,0.011862,-0.767308,TRUE
syn-1009,0,0.035458,0.038091,TRUE
syn-1010,0,0.080131,1.107694,TRUE
syn-1011,0,0.121353,1.395958,TRUE
syn-1012,0,0.081588,-0.496837,TRUE
syn-1013,0,0.047473,0.548877,TRUE
syn-1014,0,0.014313,-0.712327,TRUE
syn-1015,0,0.550519,1.184763,TRUE
syn-1016,0,0.017776,-0.057577,TRUE
syn-1017,1,0.073772,-0.284384,TRUE
syn-1018,0,0.022847,-0.620556,TRUE
syn-1019,0,0.332302,1.309367,TRUE
syn-1020,0,0.015958,0.231204,TRUE
syn-1021,0,0.09018,0.77599,TRUE
syn-1022,0,0.045816,-0.285244,TRUE
syn-1023,0,0.473654,0.570566,TRUE
syn-1024,0,0.066193,-1.377717,TRUE
syn-1025,0,0.228142,1.590383,TRUE
syn-1026,0,0.008121,0.07005,TRUE
syn-1027,1,0.519757,1.123186,TRUE
syn-1028,0,0.133937,-1.004259,TRUE
syn-1029,0,0.006675,-1.190804,TRUE
syn-1030,0,0.040408,-0.253193,TRUE
syn-1031,0,0.001131,-0.822301,TRUE
syn-1032,0,0.020775,-1.008815,TRUE
syn-1033,0,0.139026,0.275308,TRUE
syn-1034,1,0.250918,-0.382609,TRUE
syn-1035,0,0.024417,0.068777,TRUE
syn-1036,0,0.414859,1.447038,TRUE
syn-1037,0,0.036405,1.188419,TRUE
syn-1038,0,0.025447,0.250846,TRUE
syn-1039,0,0.197111,-0.058842,TRUE
syn-1040,0,0.013255,-0.33791,TRUE
syn-1041,0,0.025607,-0.994049,TRUE
syn-1042,0,0.035935,0.614138,TRUE
syn-1043,0,0.022568,-2.338482,TRUE
syn-1044,0,0.006903,-0.812357,TRUE
syn-1045,0,0.004674,-0.880628,TRUE
syn-1046,0,0.030026,-1.50669,TRUE
syn-1047,0,0.023311,-1.885461,TRUE
syn-1048,0,0.023816,0.107582,TRUE
syn-1049,0,0.083511,0.343469,TRUE
syn-1050,0,0.493722,0.426245,TRUE
syn-1051,0,0.021294,0.295577,TRUE
syn-1052,0,0.160832,0.227508,TRUE
syn-1053,0,0.014125,1.297379,TRUE
syn-1054,0,0.040034,0.243773,TRUE
syn-1055,1,0.608048,1.273628,TRUE
syn-1056,0,0.234401,0.439002,TRUE
syn-1057,0,0.345157,1.792165,TRUE
syn-1058,0,0.052361,0.044864,TRUE
syn-1059,0,0.00099,-1.391535,TRUE
syn-1060,0,0.208029,0.558078,TRUE
syn-1061,0,0.002221,-0.992583,TRUE
syn-1062,0,0.083569,-0.980837,TRUE
syn-1063,0,0.02423,-0.445022,TRUE
syn-1064,0,0.182982,-1.023298,TRUE
syn-1065,1,0.313504,1.286384,TRUE
syn-1066,0,0.024008,-0.403629,TRUE
syn-1067,0,0.003065,-1.664671,TRUE
syn-1068,0,0.455607,1.383136,TRUE
syn-1069,0,0.020895,-0.695631,TRUE
syn-1070,0,0.03176,-0.355885,TRUE
syn-1071,0,0.03585,-1.650045,TRUE
syn-1072,0,0.017283,-1.384056,TRUE
syn-1073,0,0.015251,-1.516379,TRUE
syn-1074,1,0.466797,1.021939,TRUE
syn-1075,0,0.028528,0.534314,TRUE
syn-1076,0,0.09296,-0.349242,TRUE
syn-1077,0,0.040331,-0.588212,TRUE
syn-1078,0,0.051662,-0.278915,TRUE
syn-1079,0,0.003011,-0.978816,TRUE
syn-1080,0,0.018815,0.286993,TRUE
syn-1081,0,0.094172,0.624833,TRUE
syn-1082,0,0.01296,-0.686403,TRUE
syn-1083,0,0.17448,-0.953473,TRUE
syn-1084,0,0.050734,0.36038,TRUE
syn-1085,0,0.088198,-0.270764,TRUE
syn-1086,0,0.73909,0.325995,TRUE
syn-1087,0,0.071558,-0.310669,TRUE
syn-1088,0,0.157065,-0.38705,TRUE
syn-1089,0,0.011924,-0.43137,TRUE
syn-1090,0,0.020068,-0.094726,TRUE
syn-1091,0,0.551397,-0.43415,TRUE
syn-1092,0,0.069644,-0.203516,TRUE
syn-1093,0,0.087154,-1.020237,TRUE
syn-1094,0,0.024611,0.719659,TRUE
syn-1095,0,0.004923,-1.212,TRUE
syn-1096,0,0.465294,0.203536,TRUE
syn-1097,0,0.666943,0.711814,TRUE
syn-1098,0,0.004683,-0.84436,TRUE
syn-1099,0,0.030321,-0.311186,TRUE
syn-1100,0,0.106416,-0.656009,TRUE
syn-1101,0,0.027128,-1.012393,TRUE
syn-1102,0,0.015924,-0.841889,TRUE
syn-1103,0,0.10382,-0.493842,TRUE
syn-1104,0,0.037638,-0.268501,TRUE
syn-1105,0,0.136308,0.046568,TRUE
syn-1106,0,0.061472,-0.43465,TRUE
syn-1107,0,0.008631,-0.953139,TRUE
syn-1108,0,0.000866,-3.935626,TRUE
syn-1109,0,0.405952,1.594403,TRUE
syn-1110,0,0.29435,0.611015,TRUE
syn-1111,0,0.474056,2.103349,TRUE
syn-1112,0,0.532739,1.883364,TRUE
syn-1113,0,0.05268,2.062395,TRUE
syn-1114,0,0.035031,-1.058023,TRUE
syn-1115,0,0.154625,1.028078,TRUE
syn-1116,0,0.137793,0.744376,TRUE
syn-1117,0,0.026002,-1.729752,TRUE
syn-1118,0,0.014065,-0.710538,TRUE
syn-1119,0,0.040303,-1.119828,TRUE
syn-1120,0,0.016179,-1.177791,TRUE
syn-1121,0,0.003629,-1.999499,TRUE
syn-1122,0,0.009617,-0.470855,TRUE
syn-1123,0,0.253168,1.835035,TRUE
syn-1124,0,0.01381,-0.603012,TRUE
syn-1125,0,0.002799,-0.975216,TRUE
syn-1126,0,0.011777,-1.005841,TRUE
syn-1127,0,0.052054,-1.425297,TRUE
syn-1128,0,0.023093,-0.893853,TRUE
syn-1129,1,0.645389,0.781384,TRUE
syn-1130,0,0.018955,-0.415609,TRUE
syn-1131,0,0.034644,0.13345,TRUE
syn-1132,0,0.163622,0.527586,TRUE
syn-1133,0,0.049791,-0.296578,TRUE
syn-1134,0,0.196225,0.310996,TRUE
syn-1135,0,0.006871,-0.450983,TRUE
syn-1136,0,0.092339,0.053911,TRUE
syn-1137,0,0.006696,-1.812815,TRUE
syn-1138,0,0.289336,-0.17797,TRUE
syn-1139,0,0.041628,0.282572,TRUE
syn-1140,1,0.840424,1.398483,TRUE
syn-1141,0,0.01226,-1.217064,TRUE
syn-1142,0,0.020081,-1.883043,TRUE
syn-1143,0,0.419423,1.734012,TRUE
syn-1144,1,0.484623,0.932802,TRUE
syn-1145,0,0.035691,-0.926391,TRUE
syn-1146,0,0.046635,0.572676,TRUE
syn-1147,0,0.001313,-2.274329,TRUE
syn-1148,0,0.304885,1.428115,TRUE
syn-1149,0,0.009651,-0.633111,TRUE
syn-1150,0,0.012789,-0.948026,TRUE
syn-1151,0,0.586139,0.602571,TRUE
syn-1152,0,0.1171,-1.206077,TRUE
syn-1153,1,0.493901,0.28185,TRUE
syn-1154,0,0.126993,-0.373785,TRUE
syn-1155,1,0.333754,0.262413,TRUE
syn-1156,0,0.0851,0.421464,TRUE
syn-1157,0,0.067402,1.123278,TRUE
syn-1158,0,0.166646,0.067918,TRUE
syn-1159,0,0.057757,0.030654,TRUE
syn-1160,0,0.21422,0.717226,TRUE
syn-1161,0,0.007798,-0.990355,TRUE
syn-1162,0,0.329544,1.309323,TRUE
syn-1163,0,0.006773,-1.007542,TRUE
syn-1164,0,0.022269,-0.622838,TRUE
syn-1165,0,0.040866,0.111033,TRUE
syn-1166,0,0.009982,0.066298,TRUE
syn-1167,1,0.12301,0.841875,TRUE
syn-1168,0,0.007232,-0.9734,TRUE
syn-1169,0,0.248756,-1.085692,TRUE
syn-1170,0,0.186491,1.165564,TRUE
syn-1171,0,0.004718,-1.096001,TRUE
syn-1172,0,0.019891,-0.131022,TRUE
syn-1173,0,0.017409,-0.125175,TRUE
syn-1174,0,0.024671,-1.009259,TRUE
syn-1175,0,0.028094,-0.43746,TRUE
syn-1176,0,0.006114,-1.091716,TRUE
syn-1177,0,0.079924,-0.829577,TRUE
syn-1178,0,0.245918,-0.026878,TRUE
syn-1179,0,0.239749,0.548226,TRUE
syn-1180,0,0.072115,-0.686595,TRUE
syn-1181,1,0.312782,1.646874,TRUE
syn-1182,0,0.000832,-2.907149,TRUE
syn-1183,0,0.086093,0.468999,TRUE
syn-1184,0,0.038186,-0.942664,TRUE
syn-1185,0,0.030957,-0.165915,TRUE
syn-1186,0,0.014083,0.268297,TRUE
syn-1187,0,0.005625,-1.068496,TRUE
syn-1188,0,0.197452,0.435388,TRUE
syn-1189,0,0.146599,0.097176,TRUE
syn-1190,0,0.03914,0.724042,TRUE
syn-1191,0,0.125061,0.110212,TRUE
syn-1192,0,0.001986,-1.309589,TRUE
syn-1193,0,0.030104,0.326241,TRUE
syn-1194,0,0.008121,-0.480768,TRUE
syn-1195,0,0.020457,-0.572166,TRUE
syn-1196,1,0.070968,0.197845,TRUE
syn-1197,1,0.033026,-1.052861,TRUE
syn-1198,0,0.071538,1.174249,TRUE
syn-1199,0,0.481536,0.519989,TRUE
